item_id,city,record_id,stratum,source_category,text,silver_label
a0000,nyc,61391912,nyc_category,Sewer / Catch Basin Clogged/Flooding (Use Comments) (SC),"The Department of Environment Protection inspected your complaint but could not find the problem you reported. If the condition persists, please call 311 (or [phone removed] if calling from a non-New York City area code) with more detailed information to submit a new complaint.",drainage_infrastructure
a0001,nyc,56949558,nyc_category,Sewer / Sewer Backup (Use Comments) (SA),The Department of Environmental Protection investigated this complaint and found there was no sewer back up in the city system at the time of the inspection.,sewer_backup
a0002,nyc,64268066,nyc_category,Sewer / Street Flooding (SJ),The Department of Environmental Protection has investigated this complaint and found that debris was obstructing the catch basin.,street_flooding
a0003,nyc,64297770,nyc_category,Sewer / Catch Basin Clogged/Flooding (Use Comments) (SC),"The Department of Environmental Protection inspected your complaint and cleaned the catch basin or inlet. If the condition returns, please call 311 (or [phone removed] if calling from a non-New York City area code) to submit a new complaint.",drainage_infrastructure
a0004,nyc,58692943,nyc_category,Sewer / Sewer Backup (Use Comments) (SA),The Department of Environmental Protection investigated this complaint and found there was no sewer back up in the city system at the time of the inspection.,sewer_backup
a0005,nyc,57033043,nyc_category,Sewer / Street Flooding (SJ),"The Department of Environmental Protection inspected your complaint and referred it to the Department of Transportation for further action. If the problem persists, please call 311 (or [phone removed] if calling from a non-New York City area code) to submit a new complaint.",street_flooding
a0006,nyc,58724107,nyc_category,Sewer / Sewer Backup (Use Comments) (SA),The Department of Environmental Protection investigated this complaint and found there was no sewer back up in the city system at the time of the inspection.,sewer_backup
a0007,nyc,58715281,nyc_category,Sewer / Sewer Backup (Use Comments) (SA),The Department of Environmental Protection investigated this complaint and found there was no sewer back up in the city system at the time of the inspection.,sewer_backup
a0008,nyc,61402897,nyc_category,Sewer / Street Flooding (SJ),"The Department of Environment Protection inspected your complaint but could not find the problem you reported. If the condition persists, please call 311 (or [phone removed] if calling from a non-New York City area code) with more detailed information to submit a new complaint.",street_flooding
a0009,nyc,61391945,nyc_category,Sewer / Street Flooding (SJ),"The Department of Environment Protection inspected your complaint but could not find the problem you reported. If the condition persists, please call 311 (or [phone removed] if calling from a non-New York City area code) with more detailed information to submit a new complaint.",street_flooding
a0010,nyc,64231718,nyc_category,Sewer / Catch Basin Clogged/Flooding (Use Comments) (SC),The Department of Environmental Protection has investigated this complaint and found that debris was obstructing the catch basin.,drainage_infrastructure
a0011,nyc,58703919,nyc_category,Sewer / Sewer Backup (Use Comments) (SA),The Department of Environmental Protection investigated this complaint and found there was no sewer back up in the city system at the time of the inspection.,sewer_backup
a0012,nyc,58772535,nyc_category,Sewer / Street Flooding (SJ),The Department of Environmental Protection has investigated this complaint and found that debris was obstructing the catch basin.,street_flooding
a0013,nyc,58683920,nyc_category,Sewer / Street Flooding (SJ),"The Department of Environment Protection inspected your complaint but could not find the problem you reported. If the condition persists, please call 311 (or [phone removed] if calling from a non-New York City area code) with more detailed information to submit a new complaint.",street_flooding
a0014,nyc,58764948,nyc_category,Sewer / Catch Basin Clogged/Flooding (Use Comments) (SC),"The Department of Environment Protection inspected your complaint but could not find the problem you reported. If the condition persists, please call 311 (or [phone removed] if calling from a non-New York City area code) with more detailed information to submit a new complaint.",drainage_infrastructure
a0015,nyc,56929367,nyc_category,Sewer / Sewer Backup (Use Comments) (SA),The Department of Environmental Protection investigated this complaint and found there was no sewer back up in the city system at the time of the inspection.,sewer_backup
a0016,nyc,56939012,nyc_category,Sewer / Catch Basin Clogged/Flooding (Use Comments) (SC),"The Department of Environment Protection inspected your complaint but could not find the problem you reported. If the condition persists, please call 311 (or [phone removed] if calling from a non-New York City area code) with more detailed information to submit a new complaint.",drainage_infrastructure
a0017,nyc,57020490,nyc_category,Sewer / Street Flooding (SJ),"The Department of Environmental Protection inspected your complaint and referred it to the Department of Transportation for further action. If the problem persists, please call 311 (or [phone removed] if calling from a non-New York City area code) to submit a new complaint.",street_flooding
a0018,nyc,61454813,nyc_category,Sewer / Street Flooding (SJ),"The Department of Environment Protection inspected your complaint but could not find the problem you reported. If the condition persists, please call 311 (or [phone removed] if calling from a non-New York City area code) with more detailed information to submit a new complaint.",street_flooding
a0019,nyc,58787276,nyc_category,Sewer / Street Flooding (SJ),"The Department of Environmental Protection inspected your complaint and referred it to the Department of Transportation for further action. If the problem persists, please call 311 (or [phone removed] if calling from a non-New York City area code) to submit a new complaint.",street_flooding
a0020,nyc,61341073,nyc_category,Sewer / Catch Basin Clogged/Flooding (Use Comments) (SC),The Department of Environmental Protection has investigated this complaint and found that debris was obstructing the catch basin.,drainage_infrastructure
a0021,nyc,64238699,nyc_category,Sewer / Sewer Backup (Use Comments) (SA),The Department of Environmental Protection investigated this complaint and found there was no sewer back up in the city system at the time of the inspection.,sewer_backup
a0022,nyc,64236573,nyc_category,Sewer / Sewer Backup (Use Comments) (SA),"The Department of Environmental Protection has determined that this issue was previously reported by another customer The original complaint is being addressed. If the condition persists, please call 311 (or [phone removed] if calling from a non-New York City area code) with more detailed information to submit a new complaint.",sewer_backup
a0023,nyc,64239690,nyc_category,Sewer / Sewer Backup (Use Comments) (SA),The Department of Environmental Protection investigated this complaint and found there was no sewer back up in the city system at the time of the inspection.,sewer_backup
a0024,nyc,61377673,nyc_category,Sewer / Catch Basin Clogged/Flooding (Use Comments) (SC),"The Department of Environmental Protection inspected your complaint and cleaned the catch basin or inlet. If the condition returns, please call 311 (or [phone removed] if calling from a non-New York City area code) to submit a new complaint.",drainage_infrastructure
a0025,nyc,61390613,nyc_category,Sewer / Catch Basin Clogged/Flooding (Use Comments) (SC),"The Department of Environment Protection inspected your complaint but could not find the problem you reported. If the condition persists, please call 311 (or [phone removed] if calling from a non-New York City area code) with more detailed information to submit a new complaint.",drainage_infrastructure
a0026,nyc,64269332,nyc_category,Sewer / Catch Basin Clogged/Flooding (Use Comments) (SC),"The Department of Environment Protection inspected your complaint but could not find the problem you reported. If the condition persists, please call 311 (or [phone removed] if calling from a non-New York City area code) with more detailed information to submit a new complaint.",drainage_infrastructure
a0027,nyc,58770567,nyc_category,Sewer / Street Flooding (SJ),The Department of Environmental Protection investigated this complaint and resolved the street flooding.,street_flooding
a0028,nyc,58782989,nyc_category,Sewer / Street Flooding (SJ),"The Department of Environment Protection inspected your complaint but could not find the problem you reported. If the condition persists, please call 311 (or [phone removed] if calling from a non-New York City area code) with more detailed information to submit a new complaint.",street_flooding
a0029,nyc,58695558,nyc_category,Sewer / Catch Basin Clogged/Flooding (Use Comments) (SC),"The Department of Environment Protection inspected your complaint but could not find the problem you reported. If the condition persists, please call 311 (or [phone removed] if calling from a non-New York City area code) with more detailed information to submit a new complaint.",drainage_infrastructure
a0030,nyc,56974413,nyc_category,Sewer / Street Flooding (SJ),"The Department of Environment Protection inspected your complaint but could not find the problem you reported. If the condition persists, please call 311 (or [phone removed] if calling from a non-New York City area code) with more detailed information to submit a new complaint.",street_flooding
a0031,nyc,57017113,nyc_category,Sewer / Street Flooding (SJ),"The Department of Environmental Protection has determined that this issue was previously reported by another customer The original complaint is being addressed. If the condition persists, please call 311 (or [phone removed] if calling from a non-New York City area code) to submit a new complaint.",street_flooding
a0032,nyc,61387966,nyc_category,Sewer / Street Flooding (SJ),"The Department of Environment Protection inspected your complaint but could not find the problem you reported. If the condition persists, please call 311 (or [phone removed] if calling from a non-New York City area code) with more detailed information to submit a new complaint.",street_flooding
a0033,nyc,64259817,nyc_category,Sewer / Street Flooding (SJ),"The Department of Environmental Protection has determined that this issue was previously reported by another customer The original complaint is being addressed. If the condition persists, please call 311 (or [phone removed] if calling from a non-New York City area code) to submit a new complaint.",street_flooding
a0034,nyc,58732162,nyc_category,Sewer / Catch Basin Clogged/Flooding (Use Comments) (SC),"The Department of Environment Protection inspected your complaint but could not find the problem you reported. If the condition persists, please call 311 (or [phone removed] if calling from a non-New York City area code) with more detailed information to submit a new complaint.",drainage_infrastructure
a0035,nyc,58736073,nyc_category,Sewer / Sewer Backup (Use Comments) (SA),The Department of Environmental Protection investigated this complaint and found there was no sewer back up in the city system at the time of the inspection.,sewer_backup
a0036,nyc,58703920,nyc_category,Sewer / Sewer Backup (Use Comments) (SA),The Department of Environmental Protection investigated this complaint and found there was no sewer back up in the city system at the time of the inspection.,sewer_backup
a0037,nyc,56953534,nyc_category,Sewer / Street Flooding (SJ),"The Department of Environment Protection inspected your complaint but could not find the problem you reported. If the condition persists, please call 311 (or [phone removed] if calling from a non-New York City area code) with more detailed information to submit a new complaint.",street_flooding
a0038,nyc,58725489,nyc_category,Sewer / Sewer Backup (Use Comments) (SA),"The Department of Environmental Protection has investigated this complaint. Upon investigation, there was no indication of a city sewer issue and there is a suspected sewer backup due to an internal plumbing issue.",sewer_backup
a0039,nyc,58732161,nyc_category,Sewer / Catch Basin Clogged/Flooding (Use Comments) (SC),"The Department of Environment Protection inspected your complaint but could not find the problem you reported. If the condition persists, please call 311 (or [phone removed] if calling from a non-New York City area code) with more detailed information to submit a new complaint.",drainage_infrastructure
a0040,nyc,61371830,nyc_category,Sewer / Sewer Backup (Use Comments) (SA),"The Department of Environmental Protection has determined that this issue was previously reported by another customer The original complaint is being addressed. If the condition persists, please call 311 (or [phone removed] if calling from a non-New York City area code) to submit a new complaint.",sewer_backup
a0041,nyc,58774562,nyc_category,Sewer / Street Flooding (SJ),"The Department of Environmental Protection inspected your complaint and referred it to the Department of Transportation for further action. If the problem persists, please call 311 (or [phone removed] if calling from a non-New York City area code) to submit a new complaint.",street_flooding
a0042,nyc,56941199,nyc_category,Sewer / Sewer Backup (Use Comments) (SA),"The Department of Environmental Protection has determined that this issue was previously reported by another customer The original complaint is being addressed. If the condition persists, please call 311 (or [phone removed] if calling from a non-New York City area code) to submit a new complaint.",sewer_backup
a0043,nyc,58773570,nyc_category,Sewer / Street Flooding (SJ),The Department of Environmental Protection has investigated this complaint and found that debris was obstructing the catch basin.,street_flooding
a0044,nyc,64270558,nyc_category,Sewer / Street Flooding (SJ),"The Department of Environmental Protection inspected your complaint and referred it to the Department of Transportation for further action. If the problem persists, please call 311 (or [phone removed] if calling from a non-New York City area code) to submit a new complaint.",street_flooding
a0045,nyc,56941016,nyc_category,Sewer / Sewer Backup (Use Comments) (SA),"The Department of Environmental Protection has investigated this complaint. Upon investigation, there was no indication of a city sewer issue and there is a suspected sewer backup due to an internal plumbing issue.",sewer_backup
a0046,nyc,61387957,nyc_category,Sewer / Sewer Backup (Use Comments) (SA),The Department of Environmental Protection investigated this complaint and found there was no sewer back up in the city system at the time of the inspection.,sewer_backup
a0047,nyc,56954383,nyc_category,Sewer / Catch Basin Clogged/Flooding (Use Comments) (SC),"The Department of Environmental Protection inspected your complaint and cleaned the catch basin or inlet. If the condition returns, please call 311 (or [phone removed] if calling from a non-New York City area code) to submit a new complaint.",drainage_infrastructure
a0048,nyc,64271808,nyc_category,Sewer / Street Flooding (SJ),"The Department of Environmental Protection inspected your complaint and referred it to the Department of Transportation for further action. If the problem persists, please call 311 (or [phone removed] if calling from a non-New York City area code) to submit a new complaint.",street_flooding
a0049,nyc,56981468,nyc_category,Sewer / Catch Basin Clogged/Flooding (Use Comments) (SC),"The Department of Environmental Protection inspected your complaint and cleaned the catch basin or inlet. If the condition returns, please call 311 (or [phone removed] if calling from a non-New York City area code) to submit a new complaint.",drainage_infrastructure
a0050,nyc,58725486,nyc_category,Sewer / Sewer Backup (Use Comments) (SA),"The Department of Environmental Protection has determined that this issue was previously reported by another customer The original complaint is being addressed. If the condition persists, please call 311 (or [phone removed] if calling from a non-New York City area code) to submit a new complaint.",sewer_backup
a0051,nyc,64273075,nyc_category,Sewer / Street Flooding (SJ),"The Department of Environmental Protection has determined that this issue was previously reported by another customer The original complaint is being addressed. If the condition persists, please call 311 (or [phone removed] if calling from a non-New York City area code) to submit a new complaint.",street_flooding
a0052,nyc,58753538,nyc_category,Sewer / Street Flooding (SJ),"The Department of Environment Protection inspected your complaint but could not find the problem you reported. If the condition persists, please call 311 (or [phone removed] if calling from a non-New York City area code) with more detailed information to submit a new complaint.",street_flooding
a0053,nyc,58774563,nyc_category,Sewer / Street Flooding (SJ),The Department of Environmental Protection has investigated this complaint and found that debris was obstructing the catch basin.,street_flooding
a0054,nyc,58738688,nyc_category,Sewer / Catch Basin Clogged/Flooding (Use Comments) (SC),"The status of this Service Request is currently not available online. Please call 311 for further assistance. If you are outside of New York City, please call (212) NEW-YORK ([phone removed]).",drainage_infrastructure
a0055,nyc,61387946,nyc_category,Sewer / Catch Basin Clogged/Flooding (Use Comments) (SC),"The Department of Environment Protection inspected your complaint but could not find the problem you reported. If the condition persists, please call 311 (or [phone removed] if calling from a non-New York City area code) with more detailed information to submit a new complaint.",drainage_infrastructure
a0056,nyc,56934693,nyc_category,Sewer / Sewer Backup (Use Comments) (SA),"The Department of Environmental Protection has investigated this complaint. Upon investigation, there was no indication of a city sewer issue and there is a suspected sewer backup due to an internal plumbing issue.",sewer_backup
a0057,nyc,58788690,nyc_category,Sewer / Street Flooding (SJ),"The Department of Environmental Protection inspected your complaint and referred it to the Department of Transportation for further action. If the problem persists, please call 311 (or [phone removed] if calling from a non-New York City area code) to submit a new complaint.",street_flooding
a0058,nyc,58777422,nyc_category,Sewer / Street Flooding (SJ),The Department of Environmental Protection investigated this complaint and resolved the street flooding.,street_flooding
a0059,nyc,64386838,nyc_category,Sewer / Street Flooding (SJ),"The Department of Environmental Protection has determined that this issue was previously reported by another customer The original complaint is being addressed. If the condition persists, please call 311 (or [phone removed] if calling from a non-New York City area code) to submit a new complaint.",street_flooding
a0060,nyc,58729578,nyc_category,Sewer / Catch Basin Clogged/Flooding (Use Comments) (SC),"The Department of Environmental Protection inspected your complaint and cleaned the catch basin or inlet. If the condition returns, please call 311 (or [phone removed] if calling from a non-New York City area code) to submit a new complaint.",drainage_infrastructure
a0061,nyc,64225309,nyc_category,Sewer / Sewer Backup (Use Comments) (SA),The Department of Environmental Protection investigated this complaint and found there was no sewer back up in the city system at the time of the inspection.,sewer_backup
a0062,nyc,58781582,nyc_category,Sewer / Street Flooding (SJ),"The Department of Environment Protection inspected your complaint but could not find the problem you reported. If the condition persists, please call 311 (or [phone removed] if calling from a non-New York City area code) with more detailed information to submit a new complaint.",street_flooding
a0063,nyc,58748266,nyc_category,Sewer / Catch Basin Clogged/Flooding (Use Comments) (SC),"The Department of Environment Protection inspected your complaint but could not find the problem you reported. If the condition persists, please call 311 (or [phone removed] if calling from a non-New York City area code) with more detailed information to submit a new complaint.",drainage_infrastructure
a0064,nyc,64259802,nyc_category,Sewer / Sewer Backup (Use Comments) (SA),The Department of Environmental Protection investigated this complaint and found there was no sewer back up in the city system at the time of the inspection.,sewer_backup
a0065,nyc,56974090,nyc_category,Sewer / Catch Basin Clogged/Flooding (Use Comments) (SC),The Department of Environmental Protection has investigated this complaint and found that debris was obstructing the catch basin.,drainage_infrastructure
a0066,nyc,58683909,nyc_category,Sewer / Catch Basin Clogged/Flooding (Use Comments) (SC),"The Department of Environmental Protection inspected your complaint and cleaned the catch basin or inlet. If the condition returns, please call 311 (or [phone removed] if calling from a non-New York City area code) to submit a new complaint.",drainage_infrastructure
a0067,nyc,64236574,nyc_category,Sewer / Street Flooding (SJ),"The Department of Environment Protection inspected your complaint but could not find the problem you reported. If the condition persists, please call 311 (or [phone removed] if calling from a non-New York City area code) with more detailed information to submit a new complaint.",street_flooding
a0068,nyc,61469999,nyc_category,Sewer / Street Flooding (SJ),"The Department of Environment Protection inspected your complaint but could not find the problem you reported. If the condition persists, please call 311 (or [phone removed] if calling from a non-New York City area code) with more detailed information to submit a new complaint.",street_flooding
a0069,nyc,56949537,nyc_category,Sewer / Street Flooding (SJ),The Department of Environmental Protection investigated this complaint and resolved the street flooding.,street_flooding
a0070,nyc,56928304,nyc_category,Sewer / Sewer Backup (Use Comments) (SA),The Department of Environmental Protection investigated this complaint and found there was no sewer back up in the city system at the time of the inspection.,sewer_backup
a0071,nyc,61355186,nyc_category,Sewer / Catch Basin Clogged/Flooding (Use Comments) (SC),"The Department of Environment Protection inspected your complaint but could not find the problem you reported. If the condition persists, please call 311 (or [phone removed] if calling from a non-New York City area code) with more detailed information to submit a new complaint.",drainage_infrastructure
a0072,nyc,58782986,nyc_category,Sewer / Street Flooding (SJ),"The Department of Environmental Protection has determined that this issue was previously reported by another customer The original complaint is being addressed. If the condition persists, please call 311 (or [phone removed] if calling from a non-New York City area code) to submit a new complaint.",street_flooding
a0073,nyc,61397339,nyc_category,Sewer / Street Flooding (SJ),"The Department of Environment Protection inspected your complaint but could not find the problem you reported. If the condition persists, please call 311 (or [phone removed] if calling from a non-New York City area code) with more detailed information to submit a new complaint.",street_flooding
a0074,nyc,58780175,nyc_category,Sewer / Street Flooding (SJ),The Department of Environmental Protection has investigated this complaint and found that debris was obstructing the catch basin.,street_flooding
a0075,nyc,56945251,nyc_category,Sewer / Sewer Backup (Use Comments) (SA),"The Department of Environmental Protection has investigated this complaint. Upon investigation, there was no indication of a city sewer issue and there is a suspected sewer backup due to an internal plumbing issue.",sewer_backup
a0076,nyc,56984767,nyc_category,Sewer / Catch Basin Clogged/Flooding (Use Comments) (SC),"The status of this Department of Environmental Protection (DEP) Service Request is not available online. Please call 311 and ask for further assistance with the status. If you are outside of New York City, please call (212) NEW-YORK ([phone removed]).",drainage_infrastructure
a0077,nyc,61345919,nyc_category,Sewer / Sewer Backup (Use Comments) (SA),"The Department of Environmental Protection has determined that this issue was previously reported by another customer The original complaint is being addressed. If the condition persists, please call 311 (or [phone removed] if calling from a non-New York City area code) with more detailed information to submit a new complaint.",sewer_backup
a0078,nyc,61359835,nyc_category,Sewer / Sewer Backup (Use Comments) (SA),The Department of Environmental Protection investigated this complaint and found there was no sewer back up in the city system at the time of the inspection.,sewer_backup
a0079,nyc,61352029,nyc_category,Sewer / Sewer Backup (Use Comments) (SA),The Department of Environmental Protection investigated this complaint and found there was no sewer back up in the city system at the time of the inspection.,sewer_backup
a0080,nyc,64268054,nyc_category,Sewer / Catch Basin Clogged/Flooding (Use Comments) (SC),"The Department of Environment Protection inspected your complaint but could not find the problem you reported. If the condition persists, please call 311 (or [phone removed] if calling from a non-New York City area code) with more detailed information to submit a new complaint.",drainage_infrastructure
a0081,nyc,58689261,nyc_category,Sewer / Sewer Backup (Use Comments) (SA),"The Department of Environmental Protection has investigated this complaint. Upon investigation, there was no indication of a city sewer issue and there is a suspected sewer backup due to an internal plumbing issue.",sewer_backup
a0082,nyc,61367433,nyc_category,Sewer / Sewer Backup (Use Comments) (SA),The Department of Environmental Protection investigated this complaint and found there was no sewer back up in the city system at the time of the inspection.,sewer_backup
a0083,nyc,56936806,nyc_category,Sewer / Catch Basin Clogged/Flooding (Use Comments) (SC),The Department of Environmental Protection has investigated this complaint and found that debris was obstructing the catch basin.,drainage_infrastructure
a0084,nyc,64266899,nyc_category,Sewer / Catch Basin Clogged/Flooding (Use Comments) (SC),"The Department of Environment Protection inspected your complaint but could not find the problem you reported. If the condition persists, please call 311 (or [phone removed] if calling from a non-New York City area code) with more detailed information to submit a new complaint.",drainage_infrastructure
a0085,nyc,64264555,nyc_category,Sewer / Catch Basin Clogged/Flooding (Use Comments) (SC),"The Department of Environment Protection inspected your complaint but could not find the problem you reported. If the condition persists, please call 311 (or [phone removed] if calling from a non-New York City area code) with more detailed information to submit a new complaint.",drainage_infrastructure
a0086,nyc,58745573,nyc_category,Sewer / Catch Basin Clogged/Flooding (Use Comments) (SC),"The Department of Environmental Protection has determined that this issue was previously reported by another customer The original complaint is being addressed. If the condition persists, please call 311 (or [phone removed] if calling from a non-New York City area code) to submit a new complaint.",drainage_infrastructure
a0087,nyc,58695561,nyc_category,Sewer / Sewer Backup (Use Comments) (SA),The Department of Environmental Protection investigated this complaint and found there was no sewer back up in the city system at the time of the inspection.,sewer_backup
a0088,nyc,61335391,nyc_category,Sewer / Sewer Backup (Use Comments) (SA),The Department of Environmental Protection investigated this complaint and found there was no sewer back up in the city system at the time of the inspection.,sewer_backup
a0089,nyc,61364593,nyc_category,Sewer / Street Flooding (SJ),"The Department of Environment Protection inspected your complaint but could not find the problem you reported. If the condition persists, please call 311 (or [phone removed] if calling from a non-New York City area code) with more detailed information to submit a new complaint.",street_flooding
a0090,nyc,58749640,nyc_category,Sewer / Catch Basin Clogged/Flooding (Use Comments) (SC),"The Department of Environment Protection inspected your complaint but could not find the problem you reported. If the condition persists, please call 311 (or [phone removed] if calling from a non-New York City area code) with more detailed information to submit a new complaint.",drainage_infrastructure
a0091,nyc,58681674,nyc_category,Sewer / Sewer Backup (Use Comments) (SA),"The Department of Environmental Protection has investigated this complaint. Upon investigation, there was no indication of a city sewer issue and there is a suspected sewer backup due to an internal plumbing issue.",sewer_backup
a0092,nyc,58762552,nyc_category,Sewer / Catch Basin Clogged/Flooding (Use Comments) (SC),"The Department of Environment Protection inspected your complaint but could not find the problem you reported. If the condition persists, please call 311 (or [phone removed] if calling from a non-New York City area code) with more detailed information to submit a new complaint.",drainage_infrastructure
a0093,nyc,56946191,nyc_category,Sewer / Sewer Backup (Use Comments) (SA),"The Department of Environmental Protection has investigated this complaint. Upon investigation, there was no indication of a city sewer issue and there is a suspected sewer backup due to an internal plumbing issue.",sewer_backup
a0094,nyc,58722813,nyc_category,Sewer / Sewer Backup (Use Comments) (SA),"The Department of Environmental Protection has investigated this complaint. Upon investigation, there was no indication of a city sewer issue and there is a suspected sewer backup due to an internal plumbing issue.",sewer_backup
a0095,nyc,64259752,nyc_category,Sewer / Street Flooding (SJ),"The Department of Environmental Protection inspected your complaint and referred it to the Department of Transportation for further action. If the problem persists, please call 311 (or [phone removed] if calling from a non-New York City area code) to submit a new complaint.",street_flooding
a0096,nyc,64252380,nyc_category,Sewer / Catch Basin Clogged/Flooding (Use Comments) (SC),"The Department of Environment Protection inspected your complaint but could not find the problem you reported. If the condition persists, please call 311 (or [phone removed] if calling from a non-New York City area code) with more detailed information to submit a new complaint.",drainage_infrastructure
a0097,nyc,56968139,nyc_category,Sewer / Catch Basin Clogged/Flooding (Use Comments) (SC),"The Department of Environment Protection inspected your complaint but could not find the problem you reported. If the condition persists, please call 311 (or [phone removed] if calling from a non-New York City area code) with more detailed information to submit a new complaint.",drainage_infrastructure
a0098,nyc,57030780,nyc_category,Sewer / Street Flooding (SJ),"The Department of Environment Protection inspected your complaint but could not find the problem you reported. If the condition persists, please call 311 (or [phone removed] if calling from a non-New York City area code) with more detailed information to submit a new complaint.",street_flooding
a0099,nyc,58730838,nyc_category,Sewer / Catch Basin Clogged/Flooding (Use Comments) (SC),"The Department of Environmental Protection inspected your complaint and cleaned the catch basin or inlet. If the condition returns, please call 311 (or [phone removed] if calling from a non-New York City area code) to submit a new complaint.",drainage_infrastructure
a0100,nyc,58721490,nyc_category,Sewer / Catch Basin Clogged/Flooding (Use Comments) (SC),"The Department of Environmental Protection inspected your complaint and cleaned the catch basin or inlet. If the condition returns, please call 311 (or [phone removed] if calling from a non-New York City area code) to submit a new complaint.",drainage_infrastructure
a0101,nyc,57017961,nyc_category,Sewer / Street Flooding (SJ),"The Department of Environment Protection inspected your complaint but could not find the problem you reported. If the condition persists, please call 311 (or [phone removed] if calling from a non-New York City area code) with more detailed information to submit a new complaint.",street_flooding
a0102,nyc,58782985,nyc_category,Sewer / Street Flooding (SJ),The Department of Environmental Protection has investigated this complaint and found that debris was obstructing the catch basin.,street_flooding
a0103,nyc,64223676,nyc_category,Sewer / Sewer Backup (Use Comments) (SA),"The Department of Environmental Protection has investigated this complaint. Upon investigation, there was no indication of a city sewer issue and there is a suspected sewer backup due to an internal plumbing issue.",sewer_backup
a0104,nyc,56968157,nyc_category,Sewer / Catch Basin Clogged/Flooding (Use Comments) (SC),The Department of Environmental Protection has investigated this complaint and found that debris was obstructing the catch basin.,drainage_infrastructure
a0105,nyc,58686051,nyc_category,Sewer / Sewer Backup (Use Comments) (SA),The Department of Environmental Protection investigated this complaint and found there was no sewer back up in the city system at the time of the inspection.,sewer_backup
a0106,nyc,64233488,nyc_category,Sewer / Sewer Backup (Use Comments) (SA),The Department of Environmental Protection has investigated this complaint. Surcharge conditions have been confirmed and attributed to grease. Work was performed to relieve the blockage.,sewer_backup
a0107,nyc,58733481,nyc_category,Sewer / Sewer Backup (Use Comments) (SA),"The Department of Environmental Protection has investigated this complaint. Upon investigation, there was no indication of a city sewer issue and there is a suspected sewer backup due to an internal plumbing issue.",sewer_backup
a0108,nyc,61362998,nyc_category,Sewer / Catch Basin Clogged/Flooding (Use Comments) (SC),"The Department of Environmental Protection inspected your complaint and cleaned the catch basin or inlet. If the condition returns, please call 311 (or [phone removed] if calling from a non-New York City area code) to submit a new complaint.",drainage_infrastructure
a0109,nyc,56999449,nyc_category,Sewer / Catch Basin Clogged/Flooding (Use Comments) (SC),"The Department of Environmental Protection inspected your complaint and cleaned the catch basin or inlet. If the condition returns, please call 311 (or [phone removed] if calling from a non-New York City area code) to submit a new complaint.",drainage_infrastructure
a0110,nyc,61382073,nyc_category,Sewer / Sewer Backup (Use Comments) (SA),"The Department of Environmental Protection has investigated this complaint. Upon investigation, there was no indication of a city sewer issue and there is a suspected sewer backup due to an internal plumbing issue.",sewer_backup
a0111,nyc,61387938,nyc_category,Sewer / Catch Basin Clogged/Flooding (Use Comments) (SC),"The Department of Environment Protection inspected your complaint but could not find the problem you reported. If the condition persists, please call 311 (or [phone removed] if calling from a non-New York City area code) with more detailed information to submit a new complaint.",drainage_infrastructure
a0112,nyc,61352034,nyc_category,Sewer / Street Flooding (SJ),The Department of Environmental Protection has investigated this complaint and found that debris was obstructing the catch basin.,street_flooding
a0113,nyc,57045816,nyc_category,Sewer / Street Flooding (SJ),"The Department of Environment Protection inspected your complaint but could not find the problem you reported. If the condition persists, please call 311 (or [phone removed] if calling from a non-New York City area code) with more detailed information to submit a new complaint.",street_flooding
a0114,nyc,58724105,nyc_category,Sewer / Sewer Backup (Use Comments) (SA),The Department of Environmental Protection investigated this complaint and found there was no sewer back up in the city system at the time of the inspection.,sewer_backup
a0115,nyc,64249988,nyc_category,Sewer / Catch Basin Clogged/Flooding (Use Comments) (SC),"The Department of Environment Protection inspected your complaint but could not find the problem you reported. If the condition persists, please call 311 (or [phone removed] if calling from a non-New York City area code) with more detailed information to submit a new complaint.",drainage_infrastructure
a0116,nyc,58746947,nyc_category,Sewer / Catch Basin Clogged/Flooding (Use Comments) (SC),"The Department of Environmental Protection inspected your complaint and cleaned the catch basin or inlet. If the condition returns, please call 311 (or [phone removed] if calling from a non-New York City area code) to submit a new complaint.",drainage_infrastructure
a0117,nyc,64225332,nyc_category,Sewer / Sewer Backup (Use Comments) (SA),The Department of Environmental Protection investigated this complaint and found there was no sewer back up in the city system at the time of the inspection.,sewer_backup
a0118,nyc,56942572,nyc_category,Sewer / Sewer Backup (Use Comments) (SA),"The Department of Environmental Protection has investigated this complaint. Upon investigation, there was no indication of a city sewer issue and there is a suspected sewer backup due to an internal plumbing issue.",sewer_backup
a0119,nyc,58748265,nyc_category,Sewer / Catch Basin Clogged/Flooding (Use Comments) (SC),"The Department of Environmental Protection inspected your complaint and cleaned the catch basin or inlet. If the condition returns, please call 311 (or [phone removed] if calling from a non-New York City area code) to submit a new complaint.",drainage_infrastructure
a0120,nyc,61341074,nyc_random,Sewer / Manhole Overflow (Use Comments) (SA1),"The Department of Environment Protection inspected your complaint but could not find the problem you reported. If the condition persists, please call 311 (or [phone removed] if calling from a non-New York City area code) with more detailed information to submit a new complaint.",
a0121,nyc,64230213,nyc_random,HEAT/HOT WATER / ENTIRE BUILDING,HPD conducted an inspection of this complaint. The conditions observed by the inspector did not violate the housing laws enforced by HPD. The complaint has been closed.,not_flooding
a0122,nyc,56929862,nyc_random,Illegal Parking / Blocked Hydrant,The Police Department responded to the complaint and with the information available observed no evidence of the violation at that time.,not_flooding
a0123,nyc,64223555,nyc_random,Illegal Parking / Double Parked Blocking Vehicle,The Police Department responded to the complaint and took action to fix the condition.,not_flooding
a0124,nyc,64228434,nyc_random,Blocked Driveway / No Access,The Police Department responded and upon arrival those responsible for the condition were gone.,not_flooding
a0125,nyc,58691085,nyc_random,ELECTRIC / OUTLET/SWITCH,The Department of Housing Preservation and Development inspected the following conditions. No violations were issued. The complaint has been closed.,not_flooding
a0126,nyc,61341150,nyc_random,Illegal Parking / Blocked Sidewalk,The Police Department responded to the complaint and took action to fix the condition.,not_flooding
a0127,nyc,61340017,nyc_random,Noise - Commercial / Loud Music/Party,The Police Department responded to the complaint and with the information available observed no evidence of the violation at that time.,not_flooding
a0128,nyc,58682723,nyc_random,Commercial Disposal Complaint / No Private Carter,The Department of Sanitation investigated this complaint and issued a Notice of Violation.,not_flooding
a0129,nyc,61331965,nyc_random,Noise - Street/Sidewalk / Loud Music/Party,The Police Department responded to the complaint and determined that police action was not necessary.,not_flooding
a0130,nyc,58687633,nyc_random,Noise - Street/Sidewalk / Loud Music/Party,The Police Department responded to the complaint and took action to fix the condition.,not_flooding
a0131,nyc,58682986,nyc_random,Special Projects Inspection Team (SPIT) / Illegal Hotel Rooms In Residential Building,The Department of Buildings investigated this complaint and determined that no further action was necessary.,not_flooding
a0132,nyc,56933032,nyc_random,Blocked Driveway / No Access,The Police Department issued a summons in response to the complaint.,not_flooding
a0133,nyc,61338391,nyc_random,Illegal Parking / Double Parked Blocking Traffic,The Police Department responded to the complaint and took action to fix the condition.,not_flooding
a0134,nyc,64224030,nyc_random,HEAT/HOT WATER / ENTIRE BUILDING,"This complaint is a duplicate of a building-wide condition already reported by another tenant.  The original complaint is still open, and HPD may only need to confirm that the condition exists by inspecting one apartment.  If we cannot contact the tenant from the original complaint or get access to that apartment, HPD may attempt to contact the person who filed this complaint to verify the correction of the condition or may conduct an inspection of your unit. You can check HPDONLINE to see if a",not_flooding
a0135,nyc,64230431,nyc_random,Electrical / Electrical Wiring Defective/Exposed,The Department of Buildings investigated this complaint and determined that no further action was necessary.,not_flooding
a0136,nyc,56928557,nyc_random,Noise - Residential / Loud Talking,The Police Department responded to the complaint and took action to fix the condition.,not_flooding
a0137,nyc,58689632,nyc_random,Noise - Residential / Loud Music/Party,The Police Department responded to the complaint and determined that police action was not necessary.,not_flooding
a0138,nyc,61335068,nyc_random,Maintenance or Facility / Structure - Outdoors,NYC Parks inspected the condition and determined that no work was needed.,not_flooding
a0139,nyc,64224637,nyc_random,Blocked Driveway / No Access,The Police Department responded and upon arrival those responsible for the condition were gone.,not_flooding
a0140,nyc,58696239,nyc_random,ELECTRIC / OUTLET/SWITCH,The Department of Housing Preservation and Development inspected the following conditions. No violations were issued. The complaint has been closed.,not_flooding
a0141,nyc,64229982,nyc_random,Noise - Street/Sidewalk / Loud Music/Party,The Police Department responded to the complaint and with the information available observed no evidence of the violation at that time.,not_flooding
a0142,nyc,61341192,nyc_random,Illegal Parking / Posted Parking Sign Violation,The Police Department responded and upon arrival those responsible for the condition were gone.,not_flooding
a0143,nyc,64229066,nyc_random,FLOORING/STAIRS / FLOOR,HPD conducted an inspection of this complaint. The conditions observed by the inspector did not violate the housing laws enforced by HPD. The complaint has been closed.,not_flooding
a0144,nyc,56931496,nyc_random,Litter Basket Request / New Basket,The location does not meet the criteria for Litter Basket placement.,not_flooding
a0145,nyc,56926318,nyc_random,Noise - Residential / Banging/Pounding,The Police Department responded to the complaint and determined that police action was not necessary.,not_flooding
a0146,nyc,56929191,nyc_random,PLUMBING / WATER SUPPLY,"The Department of Housing Preservation and Development was not able to gain access to inspect the following conditions. The complaint has been closed. If the condition still exists, please file a new complaint.",
a0147,nyc,56927185,nyc_random,Consumer Complaint / Bodega/Deli/Supermarket,The Department of Consumer Affairs has determined that this issue should be referred to the New York State Office of the Attorney General. Customers may call [phone removed] for more information.,not_flooding
a0148,nyc,61334046,nyc_random,Water System / Hydrant Running Full (WA4),"The Department of Environment Protection inspected your complaint but could not find the problem you reported. If the condition persists, please call 311 (or [phone removed] if calling from a non-New York City area code) with more detailed information to submit a new complaint.",
a0149,nyc,56926228,nyc_random,Water Quality / unknown odor/taste in drinking water (QA6),The Department of Environmental Protection requires contact with the complainant to investigate this complaint. A message was left for the complainant at the phone number provided but received no response.,
a0150,nyc,56932549,nyc_random,Noise - Residential / Loud Talking,The Police Department responded to the complaint and with the information available observed no evidence of the violation at that time.,not_flooding
a0151,nyc,56929668,nyc_random,PAINT/PLASTER / WALL,The following complaint conditions are still open. HPD may attempt to contact you to verify the correction of the condition or may conduct an inspection.,not_flooding
a0152,nyc,58683024,nyc_random,Blocked Driveway / No Access,The Police Department responded and upon arrival those responsible for the condition were gone.,not_flooding
a0153,nyc,64228680,nyc_random,Illegal Parking / Blocked Hydrant,The Police Department responded to the complaint and with the information available observed no evidence of the violation at that time.,not_flooding
a0154,nyc,61338433,nyc_random,Illegal Parking / Double Parked Blocking Vehicle,The Police Department responded to the complaint and took action to fix the condition.,not_flooding
a0155,nyc,61331382,nyc_random,Illegal Parking / Blocked Sidewalk,The Police Department responded to the complaint and took action to fix the condition.,not_flooding
a0156,nyc,56926839,nyc_random,Tattooing / Tattoo Artist Unlicensed,"The NYC Health Department has responded to your service request. For inspection results, please call [phone removed] or email [email removed] to request an inspection report. This service request has been closed.",not_flooding
a0157,nyc,64226693,nyc_random,Illegal Parking / Blocked Hydrant,The Police Department responded and upon arrival those responsible for the condition were gone.,not_flooding
a0158,nyc,58689241,nyc_random,Air Quality / Air: Other Air Problem (Use Comments) (AZZ),"The Department of Environmental Protection (DEP) didn't observe a violation of the NYC Air or Noise Code at the time of inspection and couldn't issue a summons.  If the problem still exists, please go to nyc.gov/311 or call 311 to file a new Service Request. If you're outside of New York City, please call (212) NEW-YORK ([phone removed]).",not_flooding
a0159,nyc,56930426,nyc_random,Non-Emergency Police Matter / Other (complaint details),The Police Department responded to the complaint and with the information available observed no evidence of the violation at that time.,not_flooding
a0160,nyc,64231118,nyc_random,Noise - Residential / Loud Music/Party,The Police Department responded to the complaint and took action to fix the condition.,not_flooding
a0161,nyc,64224072,nyc_random,PAINT/PLASTER / CEILING,HPD conducted an inspection of this complaint. The conditions observed by the inspector did not violate the housing laws enforced by HPD. The complaint has been closed.,not_flooding
a0162,nyc,61337685,nyc_random,FLOORING/STAIRS / FLOOR,The Department of Housing Preservation and Development inspected the following conditions. No violations were issued. The complaint has been closed.,not_flooding
a0163,nyc,61331590,nyc_random,Noise - Commercial / Loud Music/Party,The Police Department responded to the complaint and with the information available observed no evidence of the violation at that time.,not_flooding
a0164,nyc,64224916,nyc_random,Noise - Residential / Loud Music/Party,The Police Department responded to the complaint and took action to fix the condition.,not_flooding
a0165,nyc,64224111,nyc_random,UNSANITARY CONDITION / MOLD,"HPD inspected this condition so the complaint has been closed. Violations were issued. The law provides the property owner time to correct the condition(s).  Violation descriptions and the dates for the property owner to correct any violations are available at HPDONLINE.  If the owner has not corrected the condition by the date provided, you may wish to bring a case in housing court seeking the correction of these conditions.To find out more about how to start a housing court case, visit HPD's w",
a0166,nyc,58695140,nyc_random,UNSANITARY CONDITION / MOLD,The Department of Housing Preservation and Development contacted an occupant of the apartment or building and verified that the complaint was addressed.  The complaint has been closed.,
a0167,nyc,61336107,nyc_random,Noise - Street/Sidewalk / Loud Music/Party,The Police Department responded to the complaint and took action to fix the condition.,not_flooding
a0168,nyc,58682346,nyc_random,Damaged Tree / Tree Leaning/Uprooted,"NYC Parks created a work order for the tree condition.  Please note that addressing this work can take up to a year or more depending on the higher priority work identified during this period and resources available to address this work.    NYC Parks work priority categories range from Category A through D, with A being the most critical and time-sensitive. We will complete all work in Category A first and address work in lower priority categories in accordance with available resources. For more information about the Tree Risk Management Program, visit the NYC Urban Forest page on the NYC Parks website at nyc.gov/parks/trees.   Alternatively, you may choose complete the work yourself by hiring an independent contractor. The contractor must complete a Tree Work Permit application on the NYC Parks website at nyc.gov/parks/trees.",not_flooding
a0169,nyc,56926933,nyc_random,"Noise / Noise, Barking Dog (NR5)","The Department of Environmental Protection (DEP) sent the dog owner a warning letter. It includes recommendations on how to reduce their dog's barking. DEP also sent you a letter to acknowledge your complaint.   DEP expects it may take about six weeks for the changes they recommend to take effect.   If the excessive dog barking continues after that time, please file a new Service Request.",not_flooding
a0170,nyc,61341094,nyc_random,Water Conservation / Illegal Use Of A Hydrant (CIN),The Department of Environmental Protection researched this complaint and determined that it could be closed.,
a0171,nyc,58686283,nyc_random,Blocked Driveway / No Access,This complaint does not fall under the Police Department's jurisdiction.,not_flooding
a0172,nyc,64230371,nyc_random,Elevator / Elevator - Single Device On Property/No Alternate Service,"The Department of Buildings reviewed this complaint and closed it. If the problem still exists, please call 311 and file a new complaint. If you are outside of New York City, please call (212) NEW-YORK ([phone removed]).",not_flooding
a0173,nyc,64228486,nyc_random,Building/Use / Illegal Conversion Of Residential Building/Space,The Department of Buildings has made an attempt execute an access warrant at this property and was denied access. Another attempt will be made.,not_flooding
a0174,nyc,64226083,nyc_random,HEAT/HOT WATER / ENTIRE BUILDING,"This complaint is a duplicate of a building-wide condition already reported by another tenant.  The original complaint is still open, and HPD may only need to confirm that the condition exists by inspecting one apartment.  If we cannot contact the tenant from the original complaint or get access to that apartment, HPD may attempt to contact the person who filed this complaint to verify the correction of the condition or may conduct an inspection of your unit. You can check HPDONLINE to see if a",not_flooding
a0175,nyc,58682331,nyc_random,Animal-Abuse / Chained,The Police Department responded to the complaint and with the information available observed no evidence of the violation at that time.,not_flooding
a0176,nyc,64223754,nyc_random,Noise - Residential / Banging/Pounding,The Police Department responded to the complaint and with the information available observed no evidence of the violation at that time.,not_flooding
a0177,nyc,61337627,nyc_random,Noise - Vehicle / Car/Truck Music,The Police Department responded to the complaint and with the information available observed no evidence of the violation at that time.,not_flooding
a0178,nyc,58689158,nyc_random,Vendor Enforcement / Non-Food Vendor,N/A,not_flooding
a0179,nyc,64229920,nyc_random,Illegal Parking / Blocked Hydrant,The Police Department issued a summons in response to the complaint.,not_flooding
a0180,sf,16317436,sf_category,Catch Basin Maintenance / Maintenance,Maintenance | Case Resolved,drainage_infrastructure
a0181,sf,16483787,sf_category,Catch Basin Maintenance / Maintenance,Maintenance | Case Resolved,drainage_infrastructure
a0182,sf,17844874,sf_category,Catch Basin Maintenance / Maintenance,Maintenance | Case is a Duplicate,drainage_infrastructure
a0183,sf,101000259881,sf_category,Sewer / sewage_back-up_discharge,from side sewer vent | Case Resolved - Field Work has been completed. Memo:STATUSDATE per Mobile. DBAdd@06/20/2024 10:38:13AM,sewer_backup
a0184,sf,16274934,sf_category,Sewer Issues / Flooding,On street | Case Resolved,
a0185,sf,16254958,sf_category,Sewer Issues / Flooding,On street | Case Resolved,
a0186,sf,16279913,sf_category,Sewer Issues / Flooding,On street | Case Resolved,
a0187,sf,16257053,sf_category,Sewer Issues / Flooding,On street | Case Resolved - Maximo Service Request has been resolved Memo:,
a0188,sf,16242858,sf_category,Sewer Issues / Sewage_back_up,Outofsewervent4inch | Case Resolved - Maximo Service Request has been resolved Memo:,sewer_backup
a0189,sf,16260844,sf_category,Sewer Issues / Flooding,On street | Case is a Duplicate,
a0190,sf,16705999,sf_category,Catch Basin Maintenance / Maintenance,Maintenance | Case Resolved - Maximo Service Request has been resolved Memo:,drainage_infrastructure
a0191,sf,16606917,sf_category,Catch Basin Maintenance / Maintenance,Maintenance | Case Resolved - Field Work has been completed. Memo:STATUSDATE per Mobile. DBAdd@04/07/2023 10:48:03AM,drainage_infrastructure
a0192,sf,17706129,sf_category,Catch Basin Maintenance / Maintenance,Maintenance | Case Resolved,drainage_infrastructure
a0193,sf,16266350,sf_category,Sewer Issues / Sewage_back_up,Outofsewervent4inch | Case Resolved - Maximo Service Request has been resolved Memo:,sewer_backup
a0194,sf,16274437,sf_category,Sewer Issues / Flooding,On street | Case Resolved - Maximo Service Request has been resolved Memo:CSD-SR-WO \ DUPLICATE,
a0195,sf,16247374,sf_category,Sewer Issues / Sewage_back_up,Outofsewervent4inch | Case Resolved - Maximo Service Request has been resolved Memo:DUP SR,sewer_backup
a0196,sf,16258053,sf_category,Sewer Issues / Sewage_back_up,Outofsewervent4inch | Case Resolved - Maximo Work Order has been completed. Memo:,sewer_backup
a0197,sf,16253325,sf_category,Sewer Issues / Flooding,On street | Case Resolved - Maximo Service Request has been resolved Memo:CSD-SR-WO \ DUPLICATE,
a0198,sf,101000233570,sf_category,Sewer / sewage_back-up_discharge,from side sewer vent | Case Resolved - Maximo Service Request has been resolved Memo:no problem observed,sewer_backup
a0199,sf,17771023,sf_category,Catch Basin Maintenance / Maintenance,Maintenance | Case is a Duplicate,drainage_infrastructure
a0200,sf,16259930,sf_category,Sewer Issues / Sewage_back_up,Out of catch basin | Case Resolved - Maximo Service Request has been resolved Memo:,sewer_backup
a0201,sf,16264120,sf_category,Sewer Issues / Sewage_back_up,Outofsewervent4inch | Case Resolved - Maximo Service Request has been resolved Memo:,sewer_backup
a0202,sf,16280147,sf_category,Sewer Issues / Flooding,On street | Case Resolved,
a0203,sf,17612616,sf_category,Catch Basin Maintenance / Catch_Basin_Other,Catch Basin Other | Case Resolved,drainage_infrastructure
a0204,sf,101000332229,sf_category,Sewer / catch_basin,maintenance | Case Resolved - Field Work has been completed. Memo:STATUSDATE per Mobile. DBAdd@07/05/2024 03:19:08PM,drainage_infrastructure
a0205,sf,16254972,sf_category,Sewer Issues / Flooding,On street | Case Transferred - Could not relieve the water. Transfer to a factor truck to suck it out.,
a0206,sf,101000369047,sf_category,Sewer / flooding,on street | Case is a Duplicate - WORK PENDING,
a0207,sf,16247168,sf_category,Sewer Issues / Flooding,On property | Case Resolved - Maximo Service Request has been resolved Memo:,
a0208,sf,18186071,sf_category,Catch Basin Maintenance / Maintenance,Maintenance | Case Transferred - 18189241,drainage_infrastructure
a0209,sf,16306664,sf_category,Catch Basin Maintenance / Maintenance,Maintenance | Case Resolved - Maximo Work Order has been completed. Memo:,drainage_infrastructure
a0210,sf,101000290332,sf_category,Sewer / sewage_back-up_discharge,from side sewer vent | Case Resolved - Field Work has been completed. Memo:STATUSDATE per Mobile. DBAdd@06/26/2024 10:33:58AM,sewer_backup
a0211,sf,16268950,sf_category,Sewer Issues / Flooding,On street | Case Transferred,
a0212,sf,101000248217,sf_category,Sewer / sewage_back-up_discharge,from catch basin | Case Resolved - Field Work has been completed. Memo:STATUSDATE per Mobile. DBAdd@06/18/2024 08:35:47AM,sewer_backup
a0213,sf,17798917,sf_category,Catch Basin Maintenance / Maintenance,Maintenance | Case Resolved - Maximo Work Order has been completed. Memo:,drainage_infrastructure
a0214,sf,17360773,sf_category,Catch Basin Maintenance / Maintenance,Maintenance | Case Resolved,drainage_infrastructure
a0215,sf,16246002,sf_category,Sewer Issues / Sewage_back_up,Outofsewervent4inch | Case Resolved - Maximo Service Request has been resolved Memo:,sewer_backup
a0216,sf,16265698,sf_category,Sewer Issues / Sewage_back_up,Outofsewervent4inch | Case Resolved - Maximo Service Request has been resolved Memo:,sewer_backup
a0217,sf,101000218545,sf_category,Sewer / sewage_back-up_discharge,from side sewer vent | Case Resolved - Field Work has been completed. Memo:STATUSDATE per Mobile. DBAdd@06/13/2024 11:38:00AM,sewer_backup
a0218,sf,16260907,sf_category,Sewer Issues / Flooding,On street | Comment Noted - we cant unclog the drain with the vehicle parked on top,
a0219,sf,16279994,sf_category,Sewer Issues / Flooding,On street | Case Resolved,
a0220,sf,16242419,sf_category,Catch Basin Maintenance / Maintenance,Maintenance | Case Resolved - Maximo Service Request has been resolved Memo:,drainage_infrastructure
a0221,sf,16245485,sf_category,Sewer Issues / Sewage_back_up,Outofsewervent4inch | Case Resolved - Maximo Service Request has been resolved Memo:,sewer_backup
a0222,sf,16255645,sf_category,Sewer Issues / Flooding,On property | Case Resolved - Maximo Work Order has been completed. Memo:,
a0223,sf,16281015,sf_category,Sewer Issues / Flooding,On street | Case Resolved,
a0224,sf,16245665,sf_category,Sewer Issues / Sewage_back_up,Out of catch basin | Case Resolved - Maximo Service Request has been resolved Memo:,sewer_backup
a0225,sf,17148447,sf_category,Catch Basin Maintenance / Maintenance,Maintenance | Inspected - No evidence of violation or any toxic materials dumped into the gas station drains observed during site visit on 8/11/2023.,drainage_infrastructure
a0226,sf,101000403435,sf_category,Sewer / sewage_back-up_discharge,from catch basin | Case Resolved - Field Work has been completed. Memo:STATUSDATE per Mobile. DBAdd@07/18/2024 06:17:40PM,sewer_backup
a0227,sf,16630621,sf_category,Catch Basin Maintenance / Maintenance,Maintenance | Case Resolved,drainage_infrastructure
a0228,sf,18287297,sf_random,Encampments / Encampment Reports,Encampment Cleanup | Area Cleared,not_flooding
a0229,sf,18288473,sf_random,Parking Enforcement / Other_Illegal_Parking,Silver  - Toyota rav prime  - 8SPF101 | Case Resolved - Officer responded to request under CAD # 241531419. Unable to Locate.,not_flooding
a0230,sf,18287872,sf_random,Rec and Park Requests / Park - Park_Patrol,Lock Out Restroom | Case Resolved - Custodian Dispatch to facility,not_flooding
a0231,sf,18288078,sf_random,Muni Employee Feedback / Muni - Complaint_Pass_Ups_Denial_Inattention,Waiting At Stop | Case Resolved - Missing or incomplete info.- no further action,not_flooding
a0232,sf,18287581,sf_random,General Request - 311CUSTOMERSERVICECENTER / complaint,311CustomerServiceCenter - complaint,not_flooding
a0233,sf,18288162,sf_random,Parking Enforcement / Parking_on_Sidewalk,White - Tesla - 9BWN093 | Case Resolved - Officer responded to request under CAD # 241531147.  Citation was issued.,not_flooding
a0234,sf,18288035,sf_random,Abandoned Vehicle / Abandoned Vehicle -,black - Toyota -  - 4YAC814 | Abandoned Vehicles - No Merit,not_flooding
a0235,sf,18287361,sf_random,Street and Sidewalk Cleaning / Human or Animal Waste,Human or Animal Waste | Case Resolved,not_flooding
a0236,sf,18287209,sf_random,Street and Sidewalk Cleaning / City_garbage_can_overflowing,City garbage can overflowing | Case Resolved,not_flooding
a0237,sf,18288022,sf_random,Street and Sidewalk Cleaning / Bulky Items,Boxed or Bagged Items | Case Resolved,not_flooding
a0238,sf,18287507,sf_random,Parking Enforcement / Blocking_Driveway_Cite_Only,"Black, Gold logo - txtModel - 31890B2 | Case Resolved - Officer responded to request under CAD # 241530694. Unable to Locate.",not_flooding
a0239,sf,18288326,sf_random,Muni Employee Feedback / Muni - Complaint_Pass_Ups_Denial_Inattention,Waiting At Stop,not_flooding
a0240,sf,18287656,sf_random,Street and Sidewalk Cleaning / Bulky Items,Boxed or Bagged Items | Case Resolved,not_flooding
a0241,sf,18287852,sf_random,Street and Sidewalk Cleaning / Bulky Items,Boxed or Bagged Items | Case Resolved - That’s a homeless man,not_flooding
a0242,sf,18287992,sf_random,Street and Sidewalk Cleaning / City_garbage_can_overflowing,City garbage can overflowing | Case Resolved,not_flooding
a0243,sf,18287485,sf_random,Street and Sidewalk Cleaning / City_garbage_can_overflowing,City garbage can overflowing | Case Resolved,not_flooding
a0244,sf,18287393,sf_random,Parking Enforcement / Blocking_Driveway_Cite_Tow,Silver - Bmw x5 - 6L0C422 | Case Resolved - Officer responded to request under CAD # 241530608.  Issue reported could not be validated.,not_flooding
a0245,sf,18288373,sf_random,Street and Sidewalk Cleaning / City_garbage_can_overflowing,City garbage can overflowing | Case Resolved,not_flooding
a0246,sf,18288170,sf_random,Street and Sidewalk Cleaning / Bulky Items,Boxed or Bagged Items | Case Resolved - Not out,not_flooding
a0247,sf,18288335,sf_random,General Request - PUBLIC WORKS / request_for_service,bsm - request for service | Accepted,not_flooding
a0248,sf,18288253,sf_random,Street and Sidewalk Cleaning / City_garbage_can_overflowing,City garbage can overflowing | Case Resolved,not_flooding
a0249,sf,18287661,sf_random,Graffiti / Graffiti on Mail_box,Mail box - Offensive | open,not_flooding
a0250,sf,18288498,sf_random,Street and Sidewalk Cleaning / General Cleaning,Other Loose Garbage | Case Resolved - Nothing found,not_flooding
a0251,sf,18287426,sf_random,Street and Sidewalk Cleaning / Bulky Items,Boxed or Bagged Items | Case Resolved,not_flooding
a0252,sf,18287694,sf_random,Parking Enforcement / Other_Illegal_Parking,White - Chevy Van 30 RV - 8JZV634 | Accepted - Enforcement request has been submitted.,not_flooding
a0253,sf,18288191,sf_random,Street and Sidewalk Cleaning / City_garbage_can_overflowing,City garbage can overflowing | Case Resolved,not_flooding
a0254,sf,18288416,sf_random,Encampments / Encampment Reports,Encampment Cleanup | Comment Noted - Private property,not_flooding
a0255,sf,18287591,sf_random,Rec and Park Requests / Park - Structural_Maintenance,Graffiti | Case Resolved - Thanks for your 311! The graffiti has either been removed already or a work order has been submitted. Have a great day!,not_flooding
a0256,sf,18287263,sf_random,Encampments / Encampment Reports,Encampment Cleanup | open,not_flooding
a0257,sf,18287858,sf_random,Shared Spaces Violation / clear_path_of_travel,clear path of travel at sidewalk | Compliant - No issues found on inspection,not_flooding
a0258,boston,101006687122,boston_category,Catchbasin / Catchbasin,CLEANED CB. 6/5,drainage_infrastructure
a0259,boston,101006449198,boston_category,Catchbasin / Catchbasin,CONTRACTOR REPAIRED CB. 3/18,drainage_infrastructure
a0260,boston,101006647501,boston_category,Catchbasin / Catchbasin,Cleaned and disinfected cb. 5/19,drainage_infrastructure
a0261,boston,101006690807,boston_category,Catchbasin / Catchbasin,No odor on arrival.  Disinfected manhole. BWSC sewer line is down & running. 6/7,drainage_infrastructure
a0262,boston,101006552149,boston_category,Catchbasin / Catchbasin,CB is private. 3/2,drainage_infrastructure
a0263,boston,101006581154,boston_category,Catchbasin / Catchbasin,CB BELONGS TO DCR  NOT BWSC. 4/2,drainage_infrastructure
a0264,boston,101006690413,boston_category,Catchbasin / Catchbasin,Crew attempted and was unable to retrieve phone. 6/7,drainage_infrastructure
a0265,boston,101006513014,boston_category,Catchbasin / Catchbasin,CB is private  not BWSC.,drainage_infrastructure
a0266,boston,101006593919,boston_category,Catchbasin / Catchbasin,CLEANED AND REMOVED DEBRIS FROM CB’S. 3/30,drainage_infrastructure
a0267,boston,101006572507,boston_category,Catchbasin / Catchbasin,Patch catch basin 3/20,drainage_infrastructure
a0268,boston,101006593736,boston_category,Catchbasin / Catchbasin,CB'S BELONG TO DCR. CLEARED DEBRIS OFF OF CB COVER. 3/27,drainage_infrastructure
a0269,boston,101006651868,boston_category,Catchbasin / Catchbasin,PATCHED POTHOLE NEXT TO CB. 5/27,drainage_infrastructure
a0270,boston,101006638382,boston_category,Catchbasin / Catchbasin,2026-05-10 07:25:12.483 Case Noted Not authorized error. Remaking case,drainage_infrastructure
a0271,boston,101006601010,boston_category,Catchbasin / Catchbasin,2026-04-03 14:24:25.283 resubmitted as 101006601013,drainage_infrastructure
a0272,boston,101006611422,boston_category,Catchbasin / Catchbasin,Private cb on property in driveway that is not draining properly. 4/29,drainage_infrastructure
a0273,boston,101006705504,boston_category,Catchbasin / Catchbasin,Did not retrieve item. 6/22,drainage_infrastructure
a0274,boston,101006502528,boston_category,Catchbasin / Catchbasin,2026-03-19 16:22:46.267 NO EFORM,drainage_infrastructure
a0275,boston,101006700509,boston_category,Catchbasin / Catchbasin,Dug and repaired leak. 6/16,drainage_infrastructure
a0276,boston,101006597684,boston_category,Catchbasin / Catchbasin,CONTRACTOR REPAIRED CB. 4/24,drainage_infrastructure
a0277,boston,101006703307,boston_category,Catchbasin / Catchbasin,Retrieved keys gave to customer. 6/18,drainage_infrastructure
a0278,boston,101006629914,boston_random,Code Enforcement / Improper Storage of Trash (Barrels),Sat May 02 08:30:55 EDT 2026 Noted Boxes found dumped on sidewalk citation was issued at location sent to dpw for removal,not_flooding
a0279,boston,101006631471,boston_random,Highway Maintenance / Request for Pothole Repair,2026-05-04 09:31:35.46 Case Referred to External Agency This location is under the jurisdiction of the Massachusetts Department of Conservation and Recreation and not the City of Boston. Mass DCR has received this complaint from us and will forward it to the appropriate district to review. Thank you.,not_flooding
a0280,boston,101006631691,boston_random,Enforcement & Abandoned Vehicles / Parking Enforcement,The vehicles in violation has been issued a ticket,not_flooding
a0281,boston,101006631300,boston_random,Recycling / Request for Recycling Cart,Case Closed Case Invalid  EFORM BLANK,not_flooding
a0282,boston,101006629796,boston_random,Street Cleaning / Requests for Street Cleaning,Mon May 04 12:14:01 EDT 2026 Resolved Street was swept Friday as scheduled,not_flooding
a0283,boston,101006629787,boston_random,Code Enforcement / Poor Conditions of Property,Sat May 02 08:44:05 EDT 2026 Resolved Sent request to PWD for cleaning.,not_flooding
a0284,boston,101006633811,boston_random,Street Cleaning / Requests for Street Cleaning,Wed May 06 08:14:58 EDT 2026 Resolved,not_flooding
a0285,boston,101006630047,boston_random,Highway Maintenance / Empty Litter Basket,Fri May 01 18:27:09 EDT 2026 Resolved,not_flooding
a0286,boston,101006631107,boston_random,Street Cleaning / CE Collection,Sun May 03 07:47:02 EDT 2026 Resolved Trash pickup,not_flooding
a0287,boston,101006629288,boston_random,Street Cleaning / Requests for Street Cleaning,Fri May 01 09:21:38 EDT 2026 Resolved Trash removed,not_flooding
a0288,boston,101006629314,boston_random,Street Cleaning / CE Collection,Fri May 01 09:19:03 EDT 2026 Resolved,not_flooding
a0289,boston,101006631100,boston_random,Street Cleaning / CE Collection,Sun May 03 07:47:22 EDT 2026 Resolved Removed,not_flooding
a0290,boston,101006629786,boston_random,Code Enforcement / Poor Conditions of Property,Sat May 02 07:57:15 EDT 2026 Resolved Violation was issued,not_flooding
a0291,boston,101006629082,boston_random,Street Cleaning / Pick up Dead Animal,Fri May 01 08:14:28 EDT 2026 Resolved Removed,not_flooding
a0292,boston,101006629910,boston_random,Street Cleaning / Requests for Street Cleaning,Sat May 02 08:10:10 EDT 2026 Resolved Nothing found curbside during inspections,not_flooding
a0293,boston,101006629780,boston_random,Street Cleaning / Pick up Dead Animal,Fri May 01 14:57:55 EDT 2026 Resolved Dead animal was removed,not_flooding
a0294,boston,101006631245,boston_random,Code Enforcement / Poor Conditions of Property,Sun May 03 11:09:13 EDT 2026 Resolved Ticket was issued,not_flooding
a0295,boston,101006631678,boston_random,Street Cleaning / Pick up Dead Animal,Sun May 03 20:08:35 EDT 2026 Resolved,not_flooding
a0296,boston,101006630120,boston_random,Street Cleaning / Requests for Street Cleaning,Sun May 03 06:17:52 EDT 2026 Noted,not_flooding
a0297,boston,101006633735,boston_random,Environmental Services / Rodent Activity,Mon May 11 23:46:38 EDT 2026 Noted Reaching out to owner of neighboring property about rodent droppings on premises,not_flooding
a0298,albany,825071,albany_category,"Water Issues (flooding, etc.)","Water Issues (main breaks, flooding, etc.): Sewer caving in on Water Street across from Orange Street",
a0299,albany,1153828,albany_category,"Water Issues (flooding, etc.)","Water Issues (main breaks, flooding, etc.): In the intersection of Eagle St and Elm St, there is water flooding out from the blue Water cap in the street.  It isn't much water - just enough to make the street wet.  But I have noticed it for almost a week now.",
a0300,albany,3583441,albany_category,"Water Issues (flooding, etc.)","Water Issues (main breaks, flooding, etc.): Drain is totally clogged",
a0301,albany,16137246,albany_category,"Sewers, Drainage","Sewers, Drainage: Sewer backed up and over-flowing in the basement.",
a0302,albany,13517459,albany_category,"Water Issues (flooding, etc.)","Water Issues (main breaks, flooding, etc.): Storm drain clogged at 120 State Street.",
a0303,albany,6455082,albany_category,"Water Issues (flooding, etc.)","Water Issues (main breaks, flooding, etc.): This standpipe is leaking all over the sidewalk. It’s in front of a building with an AT&T sign on it.",
a0304,albany,10114108,albany_category,"Sewers, Drainage","Sewers, Drainage: The drain gate near the south side of 575 Broadway looks as if it could collapse sometime soon.",
a0305,albany,17490860,albany_category,"Sewers, Drainage","Sewers, Drainage: Storm Sewer drain is still clogged at the base of the Museum/Governors mansion Ramp and Park Avenue. There is standing water in it and has been for over five years. Can this be pumped and cleaned out??",
a0306,albany,15152577,albany_category,"Water Issues (flooding, etc.)","Water Issues (main breaks, flooding, etc.): The heroine addicts have been stealing all of the street water caps around town and selling them for scrap. This one is missing again at dove/garden alley  Anything metal they can get their hands on will get stolen",
a0307,albany,1054613,albany_category,"Water Issues (flooding, etc.)","Water Issues (main breaks, flooding, etc.): Sink hole",
a0308,albany,1226263,albany_category,"Water Issues (flooding, etc.)",Drain blocked: The drain at the corner of Eagle St and Elk St is blocked by debris,
a0309,albany,2577441,albany_category,"Sewers, Drainage","Sewers, Drainage: Storm drain is sinking",
a0310,albany,22261017,albany_category,"Sewers, Drainage","Sewers, Drainage: Please fix this because I got both my passenger tires flat",
a0311,albany,18803259,albany_category,"Sewers, Drainage","Sewers, Drainage: Drain grate at State St and Lodge is clogged.",
a0312,albany,5919527,albany_category,Sinkholes,Pothole: Very deep pothole around manhole cover,
a0313,albany,6509032,albany_category,Sinkholes,Sinkholes: On the corner of Theater Row and Sheridan Avenue.  Was repaired approx. 6 weeks ago and is back again.,
a0314,albany,14182223,albany_category,"Sewers, Drainage","Sewers, Drainage: Area surrounding vault is damaged. This is at the end of the driveway to Riverfront Garage on Columbia.",
a0315,albany,13174675,albany_category,Sinkholes,Sinkholes: Small sinkhole,
a0316,albany,14324316,albany_category,Sinkholes,Sinkholes: Sidewalk is collapsing. Today is way worst than yesterday,
a0317,albany,6521380,albany_category,"Sewers, Drainage","Sewers, Drainage: Open sewer",
a0318,albany,7077167,albany_category,"Sewers, Drainage","Sewers, Drainage: I stepped on this sewer cover and it opened up. It’s a safety issue.",
a0319,albany,17088291,albany_category,"Sewers, Drainage","Sewers, Drainage: I just moved into my apartment on 5/31/24 at [address removed] ever since I moved in the drains smell so bad I have children ages 2&3 that inhale this everyday it is not sanitary. My whole house smells like feces I called the office at skyline gardens and they told me to contact the city. Not just me but my neighbor downstairs and the rest of the people who live on my side of the apartments also have that odor. I would like to have a clean smelling home instead of feeling sick they are stating it’s the pipes under the ground that need to be worked on and fixed. I will call on Monday my neighbors will also be putting in a complaint about the smell. This is concerning for my children please send people out here to fix this sewage problem 

Thank you.",
a0320,albany,16327477,albany_category,"Sewers, Drainage","Sewers, Drainage: deep hole around storm drain, can see at least 2-3 feet down..",
a0321,albany,14852272,albany_category,"Sewers, Drainage","Sewers, Drainage: Manhole cover moved aside near theater row and Sheridan",
a0322,albany,15248923,albany_category,"Water Issues (flooding, etc.)","Water Issues (main breaks, flooding, etc.): Water coming out of valve at chestnut and swan",
a0323,albany,18140595,albany_category,"Water Issues (flooding, etc.)","Water Issues (flooding, etc.): Leak from building causing dangerous parking situation for residents.",
a0324,albany,22587964,albany_category,"Sewers, Drainage","Sewers, Drainage: Something has died and fallen in the drain. Idk what it is but it needs to be cleared out.",
a0325,albany,21122594,albany_category,"Sewers, Drainage","Sewers, Drainage: Utility or drain Manhole has been open for about a month already and nobody does anything to address it. 

They just just put an orange cone next to it and the cover is next to it and it is big enough for a person, it kids to disappear down the hole, and there's a daycare about 200 feet from it.",
a0326,albany,10421764,albany_category,"Sewers, Drainage","Sewers, Drainage: Every morning when I walk my dog passed here at 5:45 this sewer it’s just pouring out into the street and here it is 1:23 in the afternoon days later and water is still pouring out of the sewer.",
a0327,albany,2440031,albany_category,"Sewers, Drainage","Sewers, Drainage: Sewer is caving in",
a0328,albany,18622272,albany_category,"Water Issues (flooding, etc.)","Water Issues (flooding, etc.): Water is constantly flowing in this storm sewer despite the lack of rain.",
a0329,albany,14991270,albany_category,"Sewers, Drainage","Sewers, Drainage: Storm Sewer grate is sinking, pavement cracking and being washed out around it.",
a0330,albany,7492589,albany_category,"Sewers, Drainage","Sewers, Drainage: Sinkhole where sewer drain is located in need of repair. This poses a serious tripping hazard as well as hazard to vehicles driving/parking",
a0331,albany,5380149,albany_category,Sinkholes,Sinkholes: See photo,
a0332,albany,4724927,albany_category,"Water Issues (flooding, etc.)","Water Issues (main breaks, flooding, etc.): Water slowly streaming down street",
a0333,albany,3540793,albany_category,Sinkholes,Sinkholes: The picture is of a hole in the asphalt larger than a quarter that has empty space below it. There is no soil or road under the asphalt. Can't tell how large it may be. Located by the curb on the south side of spring street just by the crosswalk at Lark. Southeast corner of intersection.,
a0334,albany,10299440,albany_category,"Sewers, Drainage","Sewers, Drainage: Street drain is packed closed with dirt and other debris.",
a0335,albany,5441233,albany_category,Sinkholes,Sinkholes: Dangerous sinkhole on Elm Street on corner with Grand Street,
a0336,albany,4714803,albany_category,"Water Issues (flooding, etc.)",Improper Drainage: Improper drainage at the corner of Swan Street and Washington Avenue at the corner nearest to the State Education Building.,
a0337,albany,18838560,albany_category,"Water Issues (flooding, etc.)",Other: Hole in road - needs cover   In road Chestnut Street near S  Swan,
a0338,albany,20082086,albany_category,"Sewers, Drainage","Sewers, Drainage: Sewer clogged after rain, please kindly clean so proper drainage.",
a0339,albany,19891105,albany_category,Sinkholes,Sinkholes: Very deep and needs to be fixed asap. Almost broke my axle while driving very dangerous and little to no space to dodge it.,
a0340,albany,21485825,albany_category,Sinkholes,Sinkholes: Sinkhole near another recent sinkhole,
a0341,albany,1831069,albany_category,"Water Issues (flooding, etc.)","Water Issues (main breaks, flooding, etc.): Drain pipe from elevated highway at intersection of Grand St and the access road in front of the TU Center box office is clogged.  water was overflowing from the cleanout during the recent heavy rains.",
a0342,albany,7044900,albany_category,Sinkholes,"Sinkholes: There is a hole in the middle of the road, very close to here the sinkhole was this summer.",
a0343,albany,22056885,albany_category,"Water Issues (flooding, etc.)","Water Issues (flooding, etc.): Drain cap is missing causing dirt/mud to be spewed all over the bus shelter under the overpass on the west side of S Pearl St at S Mall arterial.",
a0344,albany,14650177,albany_category,"Sewers, Drainage","Sewers, Drainage: Pothole by drain",
a0345,albany,3489742,albany_category,Sinkholes,Sinkholes: huge sinkhole developing,
a0346,albany,15227177,albany_category,"Water Issues (flooding, etc.)","Water Issues (main breaks, flooding, etc.): Water is coming out of the valve cover located in the at the end of Chestnut Streetmoon",
a0347,albany,15062375,albany_category,"Sewers, Drainage","Sewers, Drainage: Drain at the corner of Lancaster and dove next to the vacant lot is completely clogged",
a0348,albany,20478174,albany_category,Sinkholes,Sinkholes: Entrance to Ludlow alley sidewalk/asphalt collapse making it impossible to enter the alley from this side.,
a0349,albany,2852198,albany_category,"Sewers, Drainage","Sewers, Drainage: Smelly storm drain in front of legislative building steps",
a0350,albany,17727708,albany_category,"Sewers, Drainage","Sewers, Drainage: Strong sewer odor. It was worst coming off exit 4 of 787, but is still strong enough up here to make the house smell like sewer.",
a0351,albany,4119353,albany_category,"Water Issues (flooding, etc.)","Water Issues (main breaks, flooding, etc.): Water coming up from manhole and flooding street.  Water currently freezing and creating slippery conditions as well. Between Dove St and S. Swan St, closer to Dove St,",
a0352,albany,13530432,albany_category,"Sewers, Drainage","Sewers, Drainage: This sewer is completely blocked by debris",
a0353,albany,15548937,albany_category,"Water Issues (flooding, etc.)","Water Issues (main breaks, flooding, etc.): Throughout the summer I can take a hot shower now October comes around and I literally have to stand in a shower that feels like 12 degrees the most for 30 mins for warm water to come on for 2 mins ...this is inhumane and feels like torture can something be done about it's effecting my metal well-being and health issue.",
a0354,albany,4716247,albany_category,Sinkholes,Sinkholes: this is a water main break dig from several months ago that is sinking. also there is a chunk of pavement missing about about 10 feet north of the hole which I am pretty sure was caused by the machinery fixing the break as it was  not there prior to the break. both the sunken area and the hole need to be fixed,
a0355,albany,19087765,albany_category,"Water Issues (flooding, etc.)","Water Issues (flooding, etc.): Need to shut off water main, as water is leaking out from building (looks abandoned).",
a0356,albany,15509282,albany_category,"Water Issues (flooding, etc.)","Water Issues (main breaks, flooding, etc.): Another water main break I’m guessing. No water in our building again. This needs to be permanently fixed ASAP.",
a0357,albany,5212197,albany_category,Sinkholes,Sinkholes: Large circular dip in ground,
a0358,albany,22135223,albany_category,Sinkholes,"Sinkholes: The sink holes during last night’s storm. You could see stormwater being pushed up through the hole, and it looks like a significant amount of soil is being pulled up with it, which makes our community concerned there may be erosion underneath. Please investigate before someone gets hurt.",
a0359,albany,9138668,albany_category,"Sewers, Drainage","Sewers, Drainage: clogged storm drain",
a0360,albany,6171272,albany_category,Sinkholes,Sinkholes: Sinkhole developing,
a0361,albany,13041910,albany_category,"Water Issues (flooding, etc.)","Water Issues (main breaks, flooding, etc.): The water problem here is continuing with no action. Not sure if this is on the city side or land owner side.",
a0362,albany,11885323,albany_category,Sinkholes,Sinkholes: Sinkhole in hudson/jay park   About 2 feet deep and growing,
a0363,albany,15848506,albany_category,"Water Issues (flooding, etc.)","Water Issues (main breaks, flooding, etc.): Water Valve cap is now missing after the sidewalks were plowed. A new cap is needed since it is a tripping hazard now",
a0364,albany,8574332,albany_category,"Water Issues (flooding, etc.)","Water Issues (main breaks, flooding, etc.): Water leak",
a0365,albany,21528356,albany_category,"Sewers, Drainage","Sewers, Drainage: Very deep chasm under this hole—maybe 2 feet down. This is at the NW corner of Chestnut and Dove.",
a0366,albany,19468736,albany_category,"Water Issues (flooding, etc.)","Water Issues (flooding, etc.): Is there a reason the water department can’t notify residents when closing streets? Lancaster and Jay are closed before Dove but there wasn’t any notice to residents nor is it clear when vehicles can access these streets again. We have elderly people who need to be able to leave and return to their homes via car. We need notice before the streets are shutdown without notice or signs anywhere notifying anyone. Appreciate the work but we can’t read minds",
a0367,albany,2805395,albany_category,"Sewers, Drainage","Sewers, Drainage: Pavement surrounding the storm grate on Pine Street (Hilton parking garage side) is starting to collapse around it.",
a0368,albany,22051278,albany_category,Sinkholes,Sinkholes: Across from 2 First Street by St. Joseph’s Park.,
a0369,albany,3317542,albany_category,Sinkholes,Sinkholes: Asphalt along Beaver Street looks as though it's sinking at the intersection of Beaver and Lodge (TU Center side),
a0370,albany,17787482,albany_category,"Sewers, Drainage","Sewers, Drainage: Someone dumped out their RV sewage into the grass outside the Hudson Green Garage across from teh Van Ostrande-Radliff House.  It is a health hazard and needs to be cleaned up.",
a0371,albany,16030411,albany_category,"Water Issues (flooding, etc.)","Water Issues (flooding, etc.): Is the water turned off in this very vacant building? I have called before.   Water seems to still be leaking & freezing from the North side of the building and running across the sidewalk. Thank you.",
a0372,albany,12165509,albany_category,"Sewers, Drainage","Sewers, Drainage: Storm drain completely blocked",
a0373,albany,2406381,albany_random,Parks and Recreational Area Maintenance,Playground equipment has been egged : Slides and playground tunnel have been egged and need to be cleaned,
a0374,albany,1878075,albany_random,Trash Pick-Up,Trash Pick-Up: I have complained about 17 Stephen Street trash so many times I have lost count. Last night I came home and had to pick up the trash that the wind blew around. This morning I came out and the garbage can is tipped over and the trash is all over our common side walk. Why can't they put their trash in the back yard? I am so tired of dealing with this. This happens EVERY single week. Why wouldn't your office follow up since this is an on-going problem? Enough is enough,
a0375,albany,17770874,albany_random,Street Light,Street Light: Street light in front of the LaFayette Park plaque has been out for several months now. Both bulbs.,
a0376,albany,6540553,albany_random,Street Re-Paving Request,Street Repair: Curb displaced,
a0377,albany,19091343,albany_random,DGS - Graffiti,"PLEASE REMOVE THE EMERGENCY NO PARKING SIGNS FROM THE CDPHP WORKFORCE CHALLENGE THAT WAS HELD ALMOST 3 WEEKS AGO!: This is the second request for this issue. Traffic and engineering, I must say you do a pathetic job at removing these signs, whether it be the run or any other event in the city! TAKE THEM DOWN IN A TIMELY MANNER, BEFORE THEY JUST BECOME GARBAGE ON THE STREETS!",
a0378,albany,1284626,albany_random,Parking Enforcement,33 Elk: Car blocking driveway of 33 Elk,
a0379,albany,14066793,albany_random,Traffic - Street Sign Down or Damaged,"Signs (Missing, Needed, or Damaged): This sign has been broken and on the street for several weeks",
a0380,albany,2422022,albany_random,Parking Enforcement,Illegally parked: Parked in no parking zone by little league park again,
a0381,albany,5931294,albany_random,Pothole,Pothole: Numerous potholes and shot patches on State Street near entrance to 150 offices just above Eagle street below the state Capitol.,
a0382,albany,7530097,albany_random,Traffic - Street Sign Down or Damaged,"Signs (Missing, Needed, or Damaged): stop sign hanging upside down",
a0383,albany,2536190,albany_random,Code Violations,Overflowing Grease Bin: There is an overflowing grease bin on the side of 30 S Pearl where the Asian Restaurant is on Norton Street.,
a0384,albany,4911589,albany_random,Property Maintenance (Overgrowth/Grass & Weed Mowing),"Property Maintenance (Overgrowth/Grass & Weed Mowing): The overgrowth on this property has been reported in May, July and September...issue never addressed, never closed out. I walk by it every day, but I feel sorry for those who live next door and DO take care of their property. This SeeClickFix website is only beneficial if the City actually takes care of the issues and stays on these owners and slumlords and increases and collects the fines. Otherwise, it is yet another waste of City money in an already financially strapped government. Why not get a private entity to do the inspection and fines collections and take a percentage. THEN there would be some action.",
a0385,albany,1019669,albany_random,Trash at Curb - Outside Normal Collection Hours (Before 4:30PM Day Prior to Collection),"Illegal Trash: Lawn debris. Can the city enforce this law. Our trash pickup is friday. Residents do lawn work on weekends. Place lawn bags and debris on curb. It sits there all week for pickup. It is a continuous cycle. According to city code and info on the city website. It is illegal to place such at curb before scheduled pickup. The city cites people for putting out trash before scheduled pickup, Lawn debris should be the same.",
a0386,albany,4192694,albany_random,Other,"476-SNOW Not In Service: When this number is tried for snow emergency information, there is a recording stating that it is not in service. This phone number is important to people in the area who do not use the internet and to people who do not have power. Especially this snow emergency since it is so different beginning at 8 am instead of 8 pm.",
a0387,albany,14851638,albany_random,Pothole,Pothole: Manhole cover off. Just blew a tire because I couldn’t avoid the hole with a bus next to me.,
a0388,albany,1606005,albany_random,Parks and Recreational Area Maintenance,Parks and Recreational Areas: Over grown bushes and trees create a public safety hazard.,
a0389,albany,22457512,albany_random,Trash at Curb - Outside Normal Collection Hours (Before 4:30PM Day Prior to Collection),Trash at Curb - Outside Normal Collection Hours (Before 4:30PM Day Prior to Collection): Mattress at curb without proper cover,
a0390,albany,5401979,albany_random,Snow and Ice Removal,Snow and Ice Removal: The spaces for parents to park for the daycare are completely blocked on both sides of the road by snow and ice. It is dangerous to walk and drive on.,
a0391,albany,5313740,albany_random,Parking Enforcement,Parking Enforcement: Honda HBC 9763 never moved or towed for snow emergency.  Now 4 addresses have a mess in front of their buildings. Residences and business are heing affected by this.  please ticket and tow.,
a0392,albany,2545447,albany_random,Traffic Signal Repairs,Traffic light changing too quickly: Green light lasts only a few seconds now so cars turning onto Delaware from St Joseph's place rd cannot get through.  Traffic is backing up on that road now and causing traffic Jams and delays.  This is the second week now.  It seems like the timing has changed.,
a0393,albany,4334259,albany_random,Other,Plowing  damage to lawns: Substantial  damage to lawn edges by city plows clearing rroadway snowp,
a0394,albany,18062126,albany_random,,broken crosswalk: the crosswalk is broken in the middle with bricks not even and not accessible and hard to cross. also makes it hard for cyclists to get across the street safely,
a0395,albany,11084313,albany_random,Traffic Signal Repairs,Traffic Signal Repairs: Green lamp out,
a0396,albany,20909421,albany_random,Snow and Ice Removal,Snow and Ice Removal: Sidewalk not cleared along Lafayette Park. Is this a jurisdictional squabble?,
a0397,albany,18849378,albany_random,Sidewalk Repair,Sidewalk Repair: Dangerous hole in bricks on walkway near flagpole. Resulted in broken ankle.,
